<?xml version="1.0" encoding="UTF-8" standalone="yes"?>
<addon id="repository.cutcablewizard"
       name="CutCableWizard Repository"
       version="1.0.0"
       provider-name="FrugalITDad">
    <extension point="xbmc.addon.repository" name="CutCableWizard Repository">
        <dir>
            <info>https://raw.githubusercontent.com/FrugalITDad/repository.cutcablewizard/main/repo/zips/addons.xml</info>
            <checksum>https://raw.githubusercontent.com/FrugalITDad/repository.cutcablewizard/main/repo/zips/addons.xml.md5</checksum>
            <datadir zip="true">https://raw.githubusercontent.com/FrugalITDad/repository.cutcablewizard/main/repo/zips/</datadir>
        </dir>
    </extension>
    <extension point="xbmc.addon.metadata">
        <summary lang="en_US">Repository for CutCableWizard and CordCutter builds</summary>
        <description lang="en_US">Hosts the CutCableWizard installer and related CordCutter builds.</description>
        <platform>all</platform>
        <language>en_US</language>
    </extension>
</addon>
